<?xml version="1.0"?>
<?xml-stylesheet type="text/xsl" href="configuration.xsl"?>

<!-- Put site-specific property overrides in this file. -->

<configuration>
  <property>
    <name>mapred.job.tracker</name>
    <value>http://m1-sys-hic48.m1.baidu.com:9001</value>
  </property>
  <property>
    <name>mapred.job.tracker.http.address</name>
    <value>http://m1-sys-hic48.m1.baidu.com:8089</value>
  </property>
   <property>
    <name>mapred.task.tracker.http.address</name>
    <value>http://0.0.0.0:8090</value>
  </property>
  <property>
   <name>mapred.child.java.opts</name>
   <value>-Xmx1024m -XX:+UseParallelGC -XX:ParallelGCThreads=4 -XX:GCTimeRatio=10</value>
  </property>
  <property>
   <name>mapred.map.tasks</name>
   <value>192</value>
  </property>
  <property>
   <name>mapred.reduce.tasks</name>
   <value>96</value>
  </property>
  <property>
  <name>mapred.tasktracker.map.tasks.maximum</name>
  <value>12</value>
  <description>The maximum number of map tasks that will be run
  simultaneously by a task tracker.
  </description>
</property>

<property>
  <name>mapred.tasktracker.reduce.tasks.maximum</name>
  <value>12</value>
  <description>The maximum number of reduce tasks that will be run
  simultaneously by a task tracker.
  </description>
</property>

<property>
  <name>mapred.job.shuffle.input.buffer.size</name>
  <value>256</value>
</property>


  

</configuration>
